party,week,total_tweets,positive_tweets,negative_tweets,positive_ratio,negative_ratio
democrat,2009-10-12,4,3,1,0.75,0.25
democrat,2009-10-19,2,0,2,0.0,1.0
democrat,2009-11-02,2,1,1,0.5,0.5
democrat,2009-11-23,2,1,1,0.5,0.5
democrat,2009-12-21,2,2,0,1.0,0.0
democrat,2010-01-18,3,1,2,0.3333333333333333,0.6666666666666666
democrat,2010-01-25,1,1,0,1.0,0.0
democrat,2010-02-08,3,0,3,0.0,1.0
democrat,2010-02-15,1,0,1,0.0,1.0
democrat,2010-03-01,6,6,0,1.0,0.0
democrat,2010-03-08,4,3,1,0.75,0.25
democrat,2010-03-15,5,3,2,0.6,0.4
democrat,2010-03-22,2,0,2,0.0,1.0
democrat,2010-03-29,1,1,0,1.0,0.0
democrat,2010-04-12,1,1,0,1.0,0.0
democrat,2010-04-26,1,0,1,0.0,1.0
democrat,2010-05-10,2,0,2,0.0,1.0
democrat,2010-05-24,2,2,0,1.0,0.0
democrat,2011-08-08,1,0,1,0.0,1.0
democrat,2011-09-05,1,1,0,1.0,0.0
democrat,2012-01-02,1,0,1,0.0,1.0
democrat,2012-04-30,1,0,1,0.0,1.0
democrat,2012-06-11,1,0,1,0.0,1.0
democrat,2012-06-25,2,1,1,0.5,0.5
democrat,2012-07-02,20,3,17,0.15,0.85
democrat,2012-09-03,1,0,1,0.0,1.0
democrat,2013-04-15,1,1,0,1.0,0.0
democrat,2013-09-16,1,0,1,0.0,1.0
democrat,2013-09-23,1,1,0,1.0,0.0
democrat,2013-10-28,1,0,1,0.0,1.0
democrat,2014-01-06,1,0,1,0.0,1.0
democrat,2014-02-17,1,0,1,0.0,1.0
democrat,2014-05-05,1,0,1,0.0,1.0
democrat,2014-05-12,1,1,0,1.0,0.0
democrat,2014-08-18,1,1,0,1.0,0.0
democrat,2014-08-25,4,4,0,1.0,0.0
democrat,2014-11-03,1,1,0,1.0,0.0
democrat,2015-04-27,1,0,1,0.0,1.0
democrat,2015-05-11,1,1,0,1.0,0.0
democrat,2015-08-17,1,1,0,1.0,0.0
democrat,2015-08-31,1,1,0,1.0,0.0
democrat,2015-09-07,1,0,1,0.0,1.0
democrat,2015-10-12,1,1,0,1.0,0.0
democrat,2015-12-07,1,1,0,1.0,0.0
democrat,2015-12-14,1,0,1,0.0,1.0
democrat,2016-02-29,1,1,0,1.0,0.0
democrat,2016-06-06,1,1,0,1.0,0.0
democrat,2016-06-27,1,0,1,0.0,1.0
democrat,2016-11-21,1,0,1,0.0,1.0
democrat,2016-12-12,3,2,1,0.6666666666666666,0.3333333333333333
democrat,2017-01-09,4,2,2,0.5,0.5
democrat,2017-01-23,1,0,1,0.0,1.0
democrat,2017-01-30,8,7,1,0.875,0.125
democrat,2017-03-06,1,1,0,1.0,0.0
democrat,2017-04-03,1,1,0,1.0,0.0
democrat,2017-05-01,1,0,1,0.0,1.0
democrat,2017-05-15,11,6,5,0.5454545454545454,0.45454545454545453
democrat,2017-05-22,17,15,2,0.8823529411764706,0.11764705882352941
democrat,2017-05-29,1,1,0,1.0,0.0
democrat,2017-06-05,2,2,0,1.0,0.0
democrat,2017-06-19,1,0,1,0.0,1.0
democrat,2017-06-26,1,0,1,0.0,1.0
democrat,2017-07-10,2,2,0,1.0,0.0
democrat,2017-07-24,1,0,1,0.0,1.0
democrat,2017-08-07,1,0,1,0.0,1.0
democrat,2017-08-28,1,1,0,1.0,0.0
democrat,2017-09-04,2,2,0,1.0,0.0
democrat,2017-09-11,3,3,0,1.0,0.0
democrat,2017-10-02,1,1,0,1.0,0.0
democrat,2017-11-06,2,2,0,1.0,0.0
democrat,2017-12-18,3,2,1,0.6666666666666666,0.3333333333333333
democrat,2018-01-08,3,1,2,0.3333333333333333,0.6666666666666666
democrat,2018-01-22,2,2,0,1.0,0.0
democrat,2018-03-26,1,0,1,0.0,1.0
democrat,2018-04-02,2,2,0,1.0,0.0
democrat,2018-05-28,1,1,0,1.0,0.0
democrat,2018-06-04,137,95,42,0.6934306569343066,0.30656934306569344
democrat,2018-06-11,8,6,2,0.75,0.25
democrat,2018-06-25,2,2,0,1.0,0.0
democrat,2018-08-06,1,1,0,1.0,0.0
democrat,2018-08-20,4,4,0,1.0,0.0
democrat,2018-10-22,142,91,51,0.6408450704225352,0.3591549295774648
democrat,2018-11-05,225,106,119,0.4711111111111111,0.5288888888888889
democrat,2018-11-26,84,57,27,0.6785714285714286,0.32142857142857145
democrat,2018-12-03,16,11,5,0.6875,0.3125
democrat,2018-12-17,5,4,1,0.8,0.2
democrat,2018-12-24,3,3,0,1.0,0.0
democrat,2019-01-14,6,4,2,0.6666666666666666,0.3333333333333333
democrat,2019-01-28,88,44,44,0.5,0.5
democrat,2019-02-04,16,6,10,0.375,0.625
democrat,2019-02-11,169,50,119,0.2958579881656805,0.7041420118343196
democrat,2019-02-18,3,3,0,1.0,0.0
democrat,2019-02-25,417,234,183,0.5611510791366906,0.43884892086330934
democrat,2019-03-04,175,64,111,0.3657142857142857,0.6342857142857142
democrat,2019-03-11,325,160,165,0.49230769230769234,0.5076923076923077
democrat,2019-03-18,720,288,432,0.4,0.6
democrat,2019-03-25,129,63,66,0.4883720930232558,0.5116279069767442
democrat,2019-04-01,5,3,2,0.6,0.4
democrat,2019-04-08,3,2,1,0.6666666666666666,0.3333333333333333
democrat,2019-04-15,1,0,1,0.0,1.0
democrat,2019-04-22,12,7,5,0.5833333333333334,0.4166666666666667
democrat,2019-04-29,5,3,2,0.6,0.4
democrat,2019-05-20,112,70,42,0.625,0.375
democrat,2019-05-27,121,80,41,0.6611570247933884,0.33884297520661155
democrat,2019-06-03,4,4,0,1.0,0.0
democrat,2019-06-17,44,27,17,0.6136363636363636,0.38636363636363635
democrat,2019-06-24,1575,916,659,0.5815873015873015,0.4184126984126984
democrat,2019-07-01,18,9,9,0.5,0.5
democrat,2019-07-08,3,1,2,0.3333333333333333,0.6666666666666666
democrat,2019-07-15,392,212,180,0.5408163265306123,0.45918367346938777
democrat,2019-07-22,283,147,136,0.519434628975265,0.48056537102473496
democrat,2019-07-29,1376,739,637,0.5370639534883721,0.4629360465116279
democrat,2019-08-05,24,12,12,0.5,0.5
democrat,2019-08-12,98,63,35,0.6428571428571429,0.35714285714285715
democrat,2019-08-19,9,6,3,0.6666666666666666,0.3333333333333333
democrat,2019-08-26,137,81,56,0.5912408759124088,0.40875912408759124
democrat,2019-09-02,226,95,131,0.42035398230088494,0.5796460176991151
democrat,2019-09-09,13,9,4,0.6923076923076923,0.3076923076923077
democrat,2019-09-16,161,85,76,0.5279503105590062,0.4720496894409938
democrat,2019-09-23,115,80,35,0.6956521739130435,0.30434782608695654
democrat,2019-09-30,273,156,117,0.5714285714285714,0.42857142857142855
democrat,2019-10-07,592,297,295,0.5016891891891891,0.4983108108108108
democrat,2019-10-14,53,27,26,0.5094339622641509,0.49056603773584906
democrat,2019-10-21,87,63,24,0.7241379310344828,0.27586206896551724
democrat,2019-10-28,4,4,0,1.0,0.0
democrat,2019-11-04,188,114,74,0.6063829787234043,0.39361702127659576
democrat,2019-11-11,5,5,0,1.0,0.0
democrat,2019-11-18,2,1,1,0.5,0.5
democrat,2019-11-25,4,2,2,0.5,0.5
democrat,2019-12-02,3,0,3,0.0,1.0
democrat,2019-12-09,2,2,0,1.0,0.0
democrat,2019-12-16,96,47,49,0.4895833333333333,0.5104166666666666
democrat,2019-12-23,282,207,75,0.7340425531914894,0.26595744680851063
democrat,2019-12-30,158,50,108,0.31645569620253167,0.6835443037974683
democrat,2020-01-06,23,11,12,0.4782608695652174,0.5217391304347826
democrat,2020-01-13,131,38,93,0.2900763358778626,0.7099236641221374
democrat,2020-01-20,5,1,4,0.2,0.8
democrat,2020-01-27,167,76,91,0.4550898203592814,0.5449101796407185
democrat,2020-02-03,9,7,2,0.7777777777777778,0.2222222222222222
democrat,2020-02-10,66,38,28,0.5757575757575758,0.42424242424242425
democrat,2020-02-17,85,66,19,0.7764705882352941,0.2235294117647059
democrat,2020-02-24,4,4,0,1.0,0.0
democrat,2020-03-02,145,76,69,0.5241379310344828,0.47586206896551725
democrat,2020-03-09,17,9,8,0.5294117647058824,0.47058823529411764
democrat,2020-03-16,2,0,2,0.0,1.0
democrat,2020-03-23,13,5,8,0.38461538461538464,0.6153846153846154
democrat,2020-03-30,263,92,171,0.34980988593155893,0.6501901140684411
democrat,2020-04-06,1,0,1,0.0,1.0
democrat,2020-04-13,56,33,23,0.5892857142857143,0.4107142857142857
democrat,2020-04-20,27,21,6,0.7777777777777778,0.2222222222222222
democrat,2020-04-27,66,42,24,0.6363636363636364,0.36363636363636365
democrat,2020-05-04,96,54,42,0.5625,0.4375
democrat,2020-05-11,1,0,1,0.0,1.0
democrat,2020-05-18,3,2,1,0.6666666666666666,0.3333333333333333
democrat,2020-05-25,8,5,3,0.625,0.375
democrat,2020-06-01,6,4,2,0.6666666666666666,0.3333333333333333
democrat,2020-06-08,365,236,129,0.6465753424657534,0.35342465753424657
democrat,2020-06-15,109,53,56,0.48623853211009177,0.5137614678899083
democrat,2020-06-22,92,49,43,0.532608695652174,0.4673913043478261
democrat,2020-06-29,172,96,76,0.5581395348837209,0.4418604651162791
democrat,2020-07-06,8,5,3,0.625,0.375
democrat,2020-07-20,16,9,7,0.5625,0.4375
democrat,2020-07-27,85,57,28,0.6705882352941176,0.32941176470588235
democrat,2020-08-03,16,9,7,0.5625,0.4375
democrat,2020-08-10,101,55,46,0.5445544554455446,0.45544554455445546
democrat,2020-08-17,5,4,1,0.8,0.2
democrat,2020-08-24,7,5,2,0.7142857142857143,0.2857142857142857
democrat,2020-08-31,4,3,1,0.75,0.25
democrat,2020-09-07,4,2,2,0.5,0.5
democrat,2020-09-14,91,45,46,0.4945054945054945,0.5054945054945055
democrat,2020-09-21,2,2,0,1.0,0.0
democrat,2020-09-28,2,2,0,1.0,0.0
democrat,2020-10-05,152,116,36,0.7631578947368421,0.23684210526315788
democrat,2020-10-12,258,162,96,0.627906976744186,0.37209302325581395
democrat,2020-10-19,134,98,36,0.7313432835820896,0.26865671641791045
democrat,2020-10-26,4,2,2,0.5,0.5
democrat,2020-11-02,29,19,10,0.6551724137931034,0.3448275862068966
democrat,2020-11-09,8,6,2,0.75,0.25
democrat,2020-11-23,2,1,1,0.5,0.5
democrat,2020-11-30,1,1,0,1.0,0.0
democrat,2020-12-07,4,1,3,0.25,0.75
democrat,2020-12-14,7,6,1,0.8571428571428571,0.14285714285714285
democrat,2020-12-21,11,11,0,1.0,0.0
democrat,2020-12-28,140,103,37,0.7357142857142858,0.2642857142857143
democrat,2021-01-04,28,15,13,0.5357142857142857,0.4642857142857143
democrat,2021-01-11,7,4,3,0.5714285714285714,0.42857142857142855
democrat,2021-01-18,5,5,0,1.0,0.0
democrat,2021-01-25,8,5,3,0.625,0.375
democrat,2021-02-01,450,267,183,0.5933333333333334,0.4066666666666667
democrat,2021-02-08,8,3,5,0.375,0.625
democrat,2021-02-15,8,5,3,0.625,0.375
democrat,2021-02-22,5,0,5,0.0,1.0
democrat,2021-03-01,16,10,6,0.625,0.375
democrat,2021-03-08,10,7,3,0.7,0.3
democrat,2021-03-15,8,2,6,0.25,0.75
democrat,2021-03-22,8,5,3,0.625,0.375
democrat,2021-03-29,114,46,68,0.40350877192982454,0.5964912280701754
democrat,2021-04-05,1,0,1,0.0,1.0
democrat,2021-04-12,7,6,1,0.8571428571428571,0.14285714285714285
democrat,2021-04-19,8,6,2,0.75,0.25
democrat,2021-04-26,2,1,1,0.5,0.5
democrat,2021-05-03,126,80,46,0.6349206349206349,0.36507936507936506
democrat,2021-05-10,3,2,1,0.6666666666666666,0.3333333333333333
democrat,2021-05-17,7,4,3,0.5714285714285714,0.42857142857142855
democrat,2021-05-24,8,4,4,0.5,0.5
democrat,2021-05-31,25,15,10,0.6,0.4
democrat,2021-06-07,6,5,1,0.8333333333333334,0.16666666666666666
democrat,2021-06-14,14,5,9,0.35714285714285715,0.6428571428571429
democrat,2021-06-21,194,98,96,0.5051546391752577,0.4948453608247423
democrat,2021-06-28,8,5,3,0.625,0.375
democrat,2021-07-05,2,1,1,0.5,0.5
democrat,2021-07-12,5,4,1,0.8,0.2
democrat,2021-07-19,12,2,10,0.16666666666666666,0.8333333333333334
democrat,2021-07-26,26,10,16,0.38461538461538464,0.6153846153846154
democrat,2021-08-02,9,4,5,0.4444444444444444,0.5555555555555556
democrat,2021-08-09,8,5,3,0.625,0.375
democrat,2021-08-16,7,1,6,0.14285714285714285,0.8571428571428571
democrat,2021-08-23,2,0,2,0.0,1.0
democrat,2021-08-30,1,1,0,1.0,0.0
democrat,2021-09-06,7,1,6,0.14285714285714285,0.8571428571428571
democrat,2021-09-13,9,5,4,0.5555555555555556,0.4444444444444444
democrat,2021-09-20,9,5,4,0.5555555555555556,0.4444444444444444
democrat,2021-09-27,8,5,3,0.625,0.375
democrat,2021-10-04,317,168,149,0.5299684542586751,0.47003154574132494
democrat,2021-10-11,291,186,105,0.6391752577319587,0.36082474226804123
democrat,2021-10-18,241,133,108,0.5518672199170125,0.44813278008298757
democrat,2021-10-25,39,23,16,0.5897435897435898,0.41025641025641024
democrat,2021-11-01,221,154,67,0.6968325791855203,0.3031674208144796
democrat,2021-11-08,66,37,29,0.5606060606060606,0.4393939393939394
democrat,2021-11-15,176,120,56,0.6818181818181818,0.3181818181818182
democrat,2021-11-22,195,96,99,0.49230769230769234,0.5076923076923077
democrat,2021-11-29,20,15,5,0.75,0.25
democrat,2021-12-06,1,1,0,1.0,0.0
democrat,2021-12-13,11,9,2,0.8181818181818182,0.18181818181818182
democrat,2021-12-20,105,73,32,0.6952380952380952,0.3047619047619048
democrat,2021-12-27,38,28,10,0.7368421052631579,0.2631578947368421
democrat,2022-01-03,17,8,9,0.47058823529411764,0.5294117647058824
democrat,2022-01-10,36,13,23,0.3611111111111111,0.6388888888888888
democrat,2022-01-17,101,47,54,0.46534653465346537,0.5346534653465347
democrat,2022-01-24,8,3,5,0.375,0.625
democrat,2022-01-31,5,0,5,0.0,1.0
democrat,2022-02-07,7,2,5,0.2857142857142857,0.7142857142857143
democrat,2022-02-14,5,3,2,0.6,0.4
democrat,2022-02-21,1,0,1,0.0,1.0
democrat,2022-02-28,2,2,0,1.0,0.0
democrat,2022-03-07,2,2,0,1.0,0.0
democrat,2022-03-14,5,3,2,0.6,0.4
democrat,2022-03-21,5,5,0,1.0,0.0
democrat,2022-03-28,1,1,0,1.0,0.0
democrat,2022-04-04,1,1,0,1.0,0.0
democrat,2022-04-11,6,6,0,1.0,0.0
democrat,2022-04-25,6,4,2,0.6666666666666666,0.3333333333333333
democrat,2022-05-02,3,1,2,0.3333333333333333,0.6666666666666666
democrat,2022-05-09,5,3,2,0.6,0.4
democrat,2022-05-16,9,6,3,0.6666666666666666,0.3333333333333333
democrat,2022-05-23,2,1,1,0.5,0.5
democrat,2022-05-30,1,1,0,1.0,0.0
democrat,2022-06-06,166,71,95,0.42771084337349397,0.572289156626506
democrat,2022-06-13,5,2,3,0.4,0.6
democrat,2022-06-20,5,3,2,0.6,0.4
democrat,2022-06-27,2,2,0,1.0,0.0
democrat,2022-07-04,2,1,1,0.5,0.5
democrat,2022-07-11,11,6,5,0.5454545454545454,0.45454545454545453
democrat,2022-07-18,334,130,204,0.38922155688622756,0.6107784431137725
democrat,2022-07-25,7,4,3,0.5714285714285714,0.42857142857142855
democrat,2022-08-01,10,7,3,0.7,0.3
democrat,2022-08-08,8,7,1,0.875,0.125
democrat,2022-08-15,100,74,26,0.74,0.26
democrat,2022-08-22,67,44,23,0.6567164179104478,0.34328358208955223
democrat,2022-08-29,10,4,6,0.4,0.6
democrat,2022-09-05,12,8,4,0.6666666666666666,0.3333333333333333
democrat,2022-09-12,13,9,4,0.6923076923076923,0.3076923076923077
democrat,2022-09-19,5,1,4,0.2,0.8
democrat,2022-09-26,10,7,3,0.7,0.3
democrat,2022-10-03,7,4,3,0.5714285714285714,0.42857142857142855
democrat,2022-10-10,12,7,5,0.5833333333333334,0.4166666666666667
democrat,2022-10-17,16,6,10,0.375,0.625
democrat,2022-10-24,7,4,3,0.5714285714285714,0.42857142857142855
democrat,2022-10-31,37,16,21,0.43243243243243246,0.5675675675675675
democrat,2022-11-07,2,1,1,0.5,0.5
democrat,2022-11-14,101,53,48,0.5247524752475248,0.4752475247524752
democrat,2022-11-21,16,14,2,0.875,0.125
democrat,2022-11-28,3,2,1,0.6666666666666666,0.3333333333333333
democrat,2022-12-05,4,1,3,0.25,0.75
democrat,2022-12-12,5,4,1,0.8,0.2
democrat,2022-12-19,3,1,2,0.3333333333333333,0.6666666666666666
democrat,2022-12-26,174,63,111,0.3620689655172414,0.6379310344827587
democrat,2023-01-02,859,412,447,0.479627473806752,0.5203725261932479
democrat,2023-01-09,31,11,20,0.3548387096774194,0.6451612903225806
democrat,2023-01-16,306,157,149,0.5130718954248366,0.4869281045751634
democrat,2023-01-23,3,2,1,0.6666666666666666,0.3333333333333333
democrat,2023-01-30,416,191,225,0.45913461538461536,0.5408653846153846
democrat,2023-02-06,627,307,320,0.48963317384370014,0.5103668261562998
democrat,2023-02-13,554,252,302,0.4548736462093863,0.5451263537906137
democrat,2023-02-20,696,386,310,0.5545977011494253,0.4454022988505747
democrat,2023-02-27,2088,1038,1050,0.49712643678160917,0.5028735632183908
democrat,2023-03-06,1095,564,531,0.5150684931506849,0.4849315068493151
democrat,2023-03-13,29,10,19,0.3448275862068966,0.6551724137931034
democrat,2023-03-20,526,316,210,0.6007604562737643,0.39923954372623577
democrat,2023-03-27,349,245,104,0.7020057306590258,0.2979942693409742
democrat,2023-04-03,567,293,274,0.5167548500881834,0.48324514991181655
democrat,2023-04-10,60,26,34,0.43333333333333335,0.5666666666666667
democrat,2023-04-17,573,290,283,0.506108202443281,0.493891797556719
democrat,2023-04-24,1837,837,1000,0.4556341861731083,0.5443658138268916
democrat,2023-05-01,6241,2377,3864,0.3808684505688191,0.6191315494311809
democrat,2023-05-08,8790,3272,5518,0.3722411831626849,0.6277588168373152
democrat,2023-05-15,3253,1502,1751,0.4617276360282816,0.5382723639717184
democrat,2023-05-22,441,210,231,0.47619047619047616,0.5238095238095238
democrat,2023-05-29,344,168,176,0.4883720930232558,0.5116279069767442
democrat,2023-06-05,987,501,486,0.5075987841945289,0.49240121580547114
democrat,2023-06-12,1427,680,747,0.47652417659425367,0.5234758234057463
democrat,2023-06-19,1423,723,700,0.5080815179198875,0.49191848208011246
democrat,2023-06-26,800,399,401,0.49875,0.50125
democrat,2023-07-03,16,9,7,0.5625,0.4375
democrat,2023-07-10,923,470,453,0.5092091007583965,0.49079089924160346
democrat,2023-07-17,2024,925,1099,0.45701581027667987,0.5429841897233202
democrat,2023-07-24,717,369,348,0.5146443514644351,0.48535564853556484
democrat,2023-07-31,707,332,375,0.4695898161244696,0.5304101838755304
democrat,2023-08-07,896,526,370,0.5870535714285714,0.41294642857142855
democrat,2023-08-14,594,302,292,0.5084175084175084,0.49158249158249157
democrat,2023-08-21,1982,1039,943,0.5242179616548941,0.47578203834510596
democrat,2023-08-28,1308,638,670,0.4877675840978593,0.5122324159021406
democrat,2023-09-04,1893,943,950,0.49815108293713684,0.5018489170628632
democrat,2023-09-11,2664,1357,1307,0.5093843843843844,0.4906156156156156
democrat,2023-09-18,1716,922,794,0.5372960372960373,0.4627039627039627
democrat,2023-09-25,2101,1117,984,0.5316515944788196,0.4683484055211804
democrat,2023-10-02,1259,624,635,0.49563145353455124,0.5043685464654488
democrat,2023-10-09,1693,794,899,0.4689899586532782,0.5310100413467218
democrat,2023-10-16,931,396,535,0.4253490870032223,0.5746509129967776
democrat,2023-10-23,1479,601,878,0.40635564570655847,0.5936443542934415
democrat,2023-10-30,2535,1079,1456,0.4256410256410256,0.5743589743589743
democrat,2023-11-06,2835,1240,1595,0.43738977072310403,0.562610229276896
democrat,2023-11-13,4229,1966,2263,0.4648853156774651,0.5351146843225348
democrat,2023-11-20,3842,1703,2139,0.4432587194169703,0.5567412805830296
democrat,2023-11-27,2760,1350,1410,0.4891304347826087,0.5108695652173914
democrat,2023-12-04,3516,1612,1904,0.45847554038680316,0.5415244596131968
democrat,2023-12-11,1266,525,741,0.4146919431279621,0.5853080568720379
democrat,2023-12-18,2158,981,1177,0.4545875810936052,0.5454124189063948
democrat,2023-12-25,1372,631,741,0.45991253644314867,0.5400874635568513
democrat,2024-01-01,2216,1088,1128,0.49097472924187724,0.5090252707581228
democrat,2024-01-08,2370,1196,1174,0.5046413502109705,0.49535864978902955
democrat,2024-01-15,5021,2626,2395,0.5230033857797252,0.47699661422027484
democrat,2024-01-22,8490,4354,4136,0.5128386336866902,0.48716136631330975
democrat,2024-01-29,5747,2826,2921,0.4917348181659997,0.5082651818340004
democrat,2024-02-05,4981,2275,2706,0.4567355952619956,0.5432644047380044
democrat,2024-02-12,4107,1924,2183,0.46846846846846846,0.5315315315315315
democrat,2024-02-19,8845,4372,4473,0.49429055963821367,0.5057094403617863
democrat,2024-02-26,6416,3067,3349,0.47802369077306733,0.5219763092269327
democrat,2024-03-04,8733,4378,4355,0.5013168441543571,0.498683155845643
democrat,2024-03-11,4027,2194,1833,0.5448224484728086,0.45517755152719147
democrat,2024-03-18,8588,3804,4784,0.44294364229156963,0.5570563577084303
democrat,2024-03-25,6831,3154,3677,0.4617186356316791,0.5382813643683209
democrat,2024-04-01,6884,3180,3704,0.4619407321324811,0.5380592678675189
democrat,2024-04-08,4584,2078,2506,0.45331588132635253,0.5466841186736475
democrat,2024-04-15,4788,2302,2486,0.48078529657477026,0.5192147034252298
democrat,2024-04-22,7148,3306,3842,0.4625069949636262,0.5374930050363738
democrat,2024-04-29,293350,122870,170480,0.41885120163627065,0.5811487983637293
democrat,2024-05-06,883519,363071,520448,0.4109373991957162,0.5890626008042837
democrat,2024-05-13,291796,131467,160329,0.45054421582201265,0.5494557841779873
democrat,2024-05-20,467799,205077,262722,0.43838699954467625,0.5616130004553238
democrat,2024-05-27,233328,102803,130525,0.44059435644243294,0.5594056435575671
democrat,2024-06-03,164060,65537,98523,0.39946970620504696,0.600530293794953
democrat,2024-06-10,1717652,731357,986295,0.42578880937465796,0.574211190625342
democrat,2024-06-17,1328733,564078,764655,0.4245232112094755,0.5754767887905246
democrat,2024-06-24,165397,80462,84935,0.48647798932266,0.5135220106773399
democrat,2024-07-01,1026422,474105,552317,0.4619006607418781,0.5380993392581219
democrat,2024-07-08,3235379,1382819,1852560,0.427405568250273,0.572594431749727
democrat,2024-07-15,3224335,1495907,1728428,0.46394279750708284,0.5360572024929171
democrat,2024-07-22,625404,303840,321564,0.48582995951417,0.5141700404858299
democrat,2024-07-29,38604,17690,20914,0.4582426691534556,0.5417573308465444
democrat,2024-08-05,908266,394119,514147,0.43392464322125895,0.566075356778741
democrat,2024-08-12,1393116,606241,786875,0.4351690742192323,0.5648309257807678
democrat,2024-08-19,686018,303346,382672,0.4421837327883525,0.5578162672116475
democrat,2024-08-26,40220,15623,24597,0.38843858776727996,0.6115614122327201
democrat,2024-09-02,192093,82785,109308,0.43096312723524544,0.5690368727647546
democrat,2024-09-09,329402,158030,171372,0.479748149677294,0.520251850322706
democrat,2024-09-16,1271526,561156,710370,0.4413248333105261,0.5586751666894739
democrat,2024-09-23,1594044,662031,932013,0.4153153865263443,0.5846846134736556
democrat,2024-09-30,1081057,422579,658478,0.39089428217013533,0.6091057178298647
democrat,2024-10-07,886078,380118,505960,0.428989321481856,0.571010678518144
democrat,2024-10-14,398712,174052,224660,0.4365356447761793,0.5634643552238207
democrat,2024-10-21,199635,87052,112583,0.436055801838355,0.563944198161645
democrat,2024-10-28,359822,169228,190594,0.47031032010271745,0.5296896798972826
democrat,2024-11-04,229683,115775,113908,0.5040642973141243,0.4959357026858757
democrat,2024-11-11,689070,303189,385881,0.4399973877835343,0.5600026122164656
democrat,2024-11-18,1376123,585801,790322,0.42568941875108546,0.5743105812489145
democrat,2024-11-25,926252,426236,500016,0.4601728255377586,0.5398271744622414
republican,2010-04-05,1,1,0,1.0,0.0
republican,2012-07-02,2,0,2,0.0,1.0
republican,2018-06-04,19,17,2,0.8947368421052632,0.10526315789473684
republican,2018-06-11,5,5,0,1.0,0.0
republican,2018-06-18,1,1,0,1.0,0.0
republican,2018-07-02,2,2,0,1.0,0.0
republican,2018-10-22,41,36,5,0.8780487804878049,0.12195121951219512
republican,2018-11-05,10,6,4,0.6,0.4
republican,2018-11-26,52,51,1,0.9807692307692307,0.019230769230769232
republican,2018-12-03,4,4,0,1.0,0.0
republican,2019-01-28,13,8,5,0.6153846153846154,0.38461538461538464
republican,2019-02-11,6,2,4,0.3333333333333333,0.6666666666666666
republican,2019-02-18,1,0,1,0.0,1.0
republican,2019-02-25,29,20,9,0.6896551724137931,0.3103448275862069
republican,2019-03-04,35,9,26,0.2571428571428571,0.7428571428571429
republican,2019-03-11,50,36,14,0.72,0.28
republican,2019-03-18,58,36,22,0.6206896551724138,0.3793103448275862
republican,2019-03-25,9,6,3,0.6666666666666666,0.3333333333333333
republican,2019-05-20,16,13,3,0.8125,0.1875
republican,2019-05-27,19,17,2,0.8947368421052632,0.10526315789473684
republican,2019-06-17,10,9,1,0.9,0.1
republican,2019-06-24,67,53,14,0.7910447761194029,0.208955223880597
republican,2019-07-01,1,1,0,1.0,0.0
republican,2019-07-15,50,40,10,0.8,0.2
republican,2019-07-22,13,10,3,0.7692307692307693,0.23076923076923078
republican,2019-07-29,50,46,4,0.92,0.08
republican,2019-08-05,4,4,0,1.0,0.0
republican,2019-08-12,2,2,0,1.0,0.0
republican,2019-08-19,1,1,0,1.0,0.0
republican,2019-08-26,2,1,1,0.5,0.5
republican,2019-09-02,1,1,0,1.0,0.0
republican,2019-09-09,4,4,0,1.0,0.0
republican,2019-09-16,22,18,4,0.8181818181818182,0.18181818181818182
republican,2019-09-23,23,20,3,0.8695652173913043,0.13043478260869565
republican,2019-09-30,36,32,4,0.8888888888888888,0.1111111111111111
republican,2019-10-07,28,20,8,0.7142857142857143,0.2857142857142857
republican,2019-10-14,3,2,1,0.6666666666666666,0.3333333333333333
republican,2019-10-21,35,32,3,0.9142857142857143,0.08571428571428572
republican,2019-10-28,4,3,1,0.75,0.25
republican,2019-11-04,30,25,5,0.8333333333333334,0.16666666666666666
republican,2019-11-11,4,4,0,1.0,0.0
republican,2019-12-02,1,1,0,1.0,0.0
republican,2019-12-16,11,6,5,0.5454545454545454,0.45454545454545453
republican,2019-12-23,75,66,9,0.88,0.12
republican,2019-12-30,7,3,4,0.42857142857142855,0.5714285714285714
republican,2020-01-06,2,1,1,0.5,0.5
republican,2020-01-13,14,12,2,0.8571428571428571,0.14285714285714285
republican,2020-01-20,3,3,0,1.0,0.0
republican,2020-01-27,6,4,2,0.6666666666666666,0.3333333333333333
republican,2020-02-03,1,0,1,0.0,1.0
republican,2020-02-10,2,1,1,0.5,0.5
republican,2020-02-17,36,31,5,0.8611111111111112,0.1388888888888889
republican,2020-03-02,9,7,2,0.7777777777777778,0.2222222222222222
republican,2020-03-16,1,1,0,1.0,0.0
republican,2020-03-30,6,5,1,0.8333333333333334,0.16666666666666666
republican,2020-04-13,4,2,2,0.5,0.5
republican,2020-04-20,10,8,2,0.8,0.2
republican,2020-04-27,7,6,1,0.8571428571428571,0.14285714285714285
republican,2020-05-04,9,9,0,1.0,0.0
republican,2020-05-18,1,1,0,1.0,0.0
republican,2020-05-25,1,1,0,1.0,0.0
republican,2020-06-08,32,30,2,0.9375,0.0625
republican,2020-06-15,12,10,2,0.8333333333333334,0.16666666666666666
republican,2020-06-22,17,14,3,0.8235294117647058,0.17647058823529413
republican,2020-06-29,19,19,0,1.0,0.0
republican,2020-07-27,5,5,0,1.0,0.0
republican,2020-08-10,4,3,1,0.75,0.25
republican,2020-09-21,1,1,0,1.0,0.0
republican,2020-09-28,1,0,1,0.0,1.0
republican,2020-10-05,54,52,2,0.9629629629629629,0.037037037037037035
republican,2020-10-12,29,27,2,0.9310344827586207,0.06896551724137931
republican,2020-10-19,17,17,0,1.0,0.0
republican,2020-11-02,1,0,1,0.0,1.0
republican,2020-12-28,4,3,1,0.75,0.25
republican,2021-01-04,4,2,2,0.5,0.5
republican,2021-02-01,28,17,11,0.6071428571428571,0.39285714285714285
republican,2021-02-08,2,0,2,0.0,1.0
republican,2021-05-24,1,1,0,1.0,0.0
republican,2021-05-31,1,1,0,1.0,0.0
republican,2021-06-14,1,1,0,1.0,0.0
republican,2021-06-21,8,5,3,0.625,0.375
republican,2021-07-19,1,1,0,1.0,0.0
republican,2021-10-04,12,8,4,0.6666666666666666,0.3333333333333333
republican,2021-10-11,11,9,2,0.8181818181818182,0.18181818181818182
republican,2021-10-18,7,7,0,1.0,0.0
republican,2021-10-25,1,1,0,1.0,0.0
republican,2021-11-01,5,5,0,1.0,0.0
republican,2021-11-08,7,4,3,0.5714285714285714,0.42857142857142855
republican,2021-11-15,7,6,1,0.8571428571428571,0.14285714285714285
republican,2021-11-22,3,3,0,1.0,0.0
republican,2021-12-20,5,4,1,0.8,0.2
republican,2021-12-27,2,0,2,0.0,1.0
republican,2022-01-03,2,0,2,0.0,1.0
republican,2022-01-10,4,3,1,0.75,0.25
republican,2022-01-17,6,4,2,0.6666666666666666,0.3333333333333333
republican,2022-04-18,1,1,0,1.0,0.0
republican,2022-05-02,2,0,2,0.0,1.0
republican,2022-05-30,4,3,1,0.75,0.25
republican,2022-06-06,1,1,0,1.0,0.0
republican,2022-06-13,1,1,0,1.0,0.0
republican,2022-06-27,1,1,0,1.0,0.0
republican,2022-07-11,3,3,0,1.0,0.0
republican,2022-07-18,50,40,10,0.8,0.2
republican,2022-08-08,2,2,0,1.0,0.0
republican,2022-08-15,9,8,1,0.8888888888888888,0.1111111111111111
republican,2022-08-22,8,5,3,0.625,0.375
republican,2022-08-29,4,3,1,0.75,0.25
republican,2022-09-05,1,1,0,1.0,0.0
republican,2022-09-12,2,2,0,1.0,0.0
republican,2022-09-26,1,1,0,1.0,0.0
republican,2022-10-03,1,1,0,1.0,0.0
republican,2022-10-31,4,4,0,1.0,0.0
republican,2022-11-14,2,0,2,0.0,1.0
republican,2022-11-21,1,0,1,0.0,1.0
republican,2022-12-12,1,1,0,1.0,0.0
republican,2022-12-19,2,0,2,0.0,1.0
republican,2022-12-26,19,10,9,0.5263157894736842,0.47368421052631576
republican,2023-01-02,23,14,9,0.6086956521739131,0.391304347826087
republican,2023-01-09,1,1,0,1.0,0.0
republican,2023-01-16,2,1,1,0.5,0.5
republican,2023-01-30,27,13,14,0.48148148148148145,0.5185185185185185
republican,2023-02-06,26,24,2,0.9230769230769231,0.07692307692307693
republican,2023-02-13,23,12,11,0.5217391304347826,0.4782608695652174
republican,2023-02-20,20,16,4,0.8,0.2
republican,2023-02-27,90,60,30,0.6666666666666666,0.3333333333333333
republican,2023-03-06,42,32,10,0.7619047619047619,0.23809523809523808
republican,2023-03-13,3,1,2,0.3333333333333333,0.6666666666666666
republican,2023-03-20,14,5,9,0.35714285714285715,0.6428571428571429
republican,2023-03-27,6,5,1,0.8333333333333334,0.16666666666666666
republican,2023-04-03,48,30,18,0.625,0.375
republican,2023-04-10,7,6,1,0.8571428571428571,0.14285714285714285
republican,2023-04-17,30,18,12,0.6,0.4
republican,2023-04-24,91,54,37,0.5934065934065934,0.4065934065934066
republican,2023-05-01,1204,524,680,0.43521594684385384,0.5647840531561462
republican,2023-05-08,1803,700,1103,0.3882418191902385,0.6117581808097615
republican,2023-05-15,551,341,210,0.6188747731397459,0.3811252268602541
republican,2023-05-22,22,16,6,0.7272727272727273,0.2727272727272727
republican,2023-05-29,16,9,7,0.5625,0.4375
republican,2023-06-05,53,32,21,0.6037735849056604,0.39622641509433965
republican,2023-06-12,131,80,51,0.6106870229007634,0.3893129770992366
republican,2023-06-19,48,33,15,0.6875,0.3125
republican,2023-06-26,74,38,36,0.5135135135135135,0.4864864864864865
republican,2023-07-03,1,1,0,1.0,0.0
republican,2023-07-10,33,22,11,0.6666666666666666,0.3333333333333333
republican,2023-07-17,140,68,72,0.4857142857142857,0.5142857142857142
republican,2023-07-24,54,32,22,0.5925925925925926,0.4074074074074074
republican,2023-07-31,17,6,11,0.35294117647058826,0.6470588235294118
republican,2023-08-07,34,21,13,0.6176470588235294,0.38235294117647056
republican,2023-08-14,52,38,14,0.7307692307692307,0.2692307692307692
republican,2023-08-21,73,48,25,0.6575342465753424,0.3424657534246575
republican,2023-08-28,65,44,21,0.676923076923077,0.3230769230769231
republican,2023-09-04,95,49,46,0.5157894736842106,0.4842105263157895
republican,2023-09-11,211,155,56,0.7345971563981043,0.26540284360189575
republican,2023-09-18,134,83,51,0.6194029850746269,0.3805970149253731
republican,2023-09-25,170,104,66,0.611764705882353,0.38823529411764707
republican,2023-10-02,70,47,23,0.6714285714285714,0.32857142857142857
republican,2023-10-09,97,61,36,0.6288659793814433,0.3711340206185567
republican,2023-10-16,51,35,16,0.6862745098039216,0.3137254901960784
republican,2023-10-23,133,94,39,0.706766917293233,0.2932330827067669
republican,2023-10-30,182,105,77,0.5769230769230769,0.4230769230769231
republican,2023-11-06,187,113,74,0.6042780748663101,0.39572192513368987
republican,2023-11-13,208,117,91,0.5625,0.4375
republican,2023-11-20,186,109,77,0.5860215053763441,0.41397849462365593
republican,2023-11-27,219,148,71,0.6757990867579908,0.3242009132420091
republican,2023-12-04,212,126,86,0.5943396226415094,0.4056603773584906
republican,2023-12-11,46,21,25,0.45652173913043476,0.5434782608695652
republican,2023-12-18,145,93,52,0.6413793103448275,0.3586206896551724
republican,2023-12-25,126,76,50,0.6031746031746031,0.3968253968253968
republican,2024-01-01,211,135,76,0.6398104265402843,0.36018957345971564
republican,2024-01-08,152,89,63,0.5855263157894737,0.4144736842105263
republican,2024-01-15,545,396,149,0.726605504587156,0.27339449541284405
republican,2024-01-22,696,450,246,0.646551724137931,0.35344827586206895
republican,2024-01-29,388,244,144,0.6288659793814433,0.3711340206185567
republican,2024-02-05,385,234,151,0.6077922077922078,0.3922077922077922
republican,2024-02-12,253,157,96,0.6205533596837944,0.3794466403162055
republican,2024-02-19,752,509,243,0.6768617021276596,0.32313829787234044
republican,2024-02-26,387,229,158,0.5917312661498708,0.4082687338501292
republican,2024-03-04,908,580,328,0.6387665198237885,0.36123348017621143
republican,2024-03-11,285,182,103,0.6385964912280702,0.36140350877192984
republican,2024-03-18,645,360,285,0.5581395348837209,0.4418604651162791
republican,2024-03-25,364,194,170,0.532967032967033,0.46703296703296704
republican,2024-04-01,584,327,257,0.559931506849315,0.4400684931506849
republican,2024-04-08,326,220,106,0.6748466257668712,0.32515337423312884
republican,2024-04-15,287,159,128,0.554006968641115,0.445993031358885
republican,2024-04-22,353,234,119,0.6628895184135978,0.3371104815864023
republican,2024-04-29,67098,33439,33659,0.4983606068735283,0.5016393931264718
republican,2024-05-06,240423,119686,120737,0.4978142690175233,0.5021857309824768
republican,2024-05-13,50350,27343,23007,0.5430585898709037,0.45694141012909634
republican,2024-05-20,87769,48174,39595,0.5488726087798653,0.4511273912201347
republican,2024-05-27,64802,35816,28986,0.5526989907718898,0.4473010092281102
republican,2024-06-03,21928,10377,11551,0.4732305727836556,0.5267694272163445
republican,2024-06-10,486326,245085,241241,0.503952081525561,0.49604791847443896
republican,2024-06-17,362061,180718,181343,0.49913688577339177,0.5008631142266082
republican,2024-06-24,31152,18241,12911,0.5855482794042116,0.4144517205957884
republican,2024-07-01,393667,202931,190736,0.5154889792642005,0.48451102073579955
republican,2024-07-08,837929,373999,463930,0.4463373388437445,0.5536626611562555
republican,2024-07-15,1194011,640325,553686,0.5362806540308255,0.46371934596917447
republican,2024-07-22,284581,144220,140361,0.5067801434389506,0.4932198565610494
republican,2024-07-29,8877,4626,4251,0.521122000675904,0.47887799932409597
republican,2024-08-05,410797,202809,207988,0.4936963999250238,0.5063036000749762
republican,2024-08-12,667667,348147,319520,0.5214380821577224,0.47856191784227764
republican,2024-08-19,305052,155038,150014,0.5082346616314596,0.49176533836854047
republican,2024-08-26,6930,3732,3198,0.5385281385281385,0.4614718614718615
republican,2024-09-02,41127,22423,18704,0.545213606633112,0.4547863933668879
republican,2024-09-09,82462,44893,37569,0.5444083335354466,0.45559166646455335
republican,2024-09-16,574606,298441,276165,0.5193837168424973,0.4806162831575027
republican,2024-09-23,500819,267910,232909,0.5349437621176513,0.46505623788234873
republican,2024-09-30,457080,237179,219901,0.5189004113065546,0.4810995886934453
republican,2024-10-07,423282,228281,195001,0.5393118535633454,0.4606881464366545
republican,2024-10-14,219798,117827,101971,0.5360694819789079,0.4639305180210921
republican,2024-10-21,109696,59751,49945,0.5446962514585765,0.4553037485414236
republican,2024-10-28,171623,98568,73055,0.5743286156284414,0.4256713843715586
republican,2024-11-04,154135,104961,49174,0.6809679826126448,0.31903201738735526
republican,2024-11-11,278531,165645,112886,0.5947093860288442,0.4052906139711558
republican,2024-11-18,609467,347212,262255,0.5696977851138781,0.4303022148861218
republican,2024-11-25,413890,239972,173918,0.5797965643045253,0.42020343569547464
